ID,Name,PokemonType1ID,PokemonType2ID,Total,HP,Attack,Defense,Sp. Atk,Sp. Def,Speed,Generation,Legendary
1,Bulbasaur,1,6,318,45,49,49,65,65,45,1,0
2,Ivysaur,1,6,405,60,62,63,80,80,60,1,0
3,Venusaur,1,6,525,80,82,83,100,100,80,1,0
4,VenusaurMega Venusaur,1,6,625,80,100,123,122,120,80,1,0
5,Charmander,2,0,309,39,52,43,60,50,65,1,0
6,Charmeleon,2,0,405,58,64,58,80,65,80,1,0
7,CharizardMega Charizard X,2,15,634,78,130,111,130,85,100,1,0
8,Charizard,2,18,534,78,84,78,109,85,100,1,0
9,CharizardMega Charizard Y,2,18,634,78,104,78,159,115,100,1,0
10,Squirtle,3,0,314,44,48,65,50,64,43,1,0
11,Wartortle,3,0,405,59,63,80,65,80,58,1,0
12,BlastoiseMega Blastoise,3,0,630,79,103,120,135,115,78,1,0
13,Blastoise,3,0,530,79,83,100,85,105,78,1,0
14,Caterpie,4,0,195,45,30,35,20,20,45,1,0 
15,Metapod,4,0,205,50,20,55,25,25,30,1,0
16,Butterfree,4,18,395,60,45,50,90,80,70,1,0
17,Weedle,4,6,195,40,35,30,20,20,50,1,0
18,Kakuna,4,6,205,45,25,50,25,25,35,1,0
19,Beedrill,4,6,395,65,90,40,45,80,75,1,0
20,BeedrillMega Beedrill,4,6,495,65,150,40,15,80,145,1,0
21,Pidgey,5,18,251,40,45,40,35,35,56,1,0
22,Pidgeotto,5,18,349,63,60,55,50,50,71,1,0
23,Pidgeot,5,18,479,83,80,75,70,70,101,1,0
24,PidgeotMega Pidgeot,5,18,579,83,80,80,135,80,121,1,0
25,Rattata,5,0,253,30,56,35,25,35,72,1,0
26,Raticate,5,0,413,55,81,60,50,70,97,1,0
27,Spearow,5,18,262,40,60,30,31,31,70,1,0
28,Fearow,5,18,442,65,90,65,61,61,100,1,0
29,Ekans,6,0,288,35,60,44,40,54,55,1,0
30,Arbok,6,0,438,60,85,69,65,79,80,1,0
31,Pikachu,7,0,320,35,55,40,50,50,90,1,0
32,Raichu,7,0,485,60,90,55,90,80,110,1,0
33,Sandshrew,8,0,300,50,75,85,20,30,40,1,0
34,Sandslash,8,0,450,75,100,110,45,55,65,1,0
35,Nidoranâ™€,6,0,275,55,47,52,40,40,41,1,0
36,Nidorina,6,0,365,70,62,67,55,55,56,1,0
37,Nidoqueen,6,8,505,90,92,87,75,85,76,1,0
38,Nidoranâ™‚,6,0,273,46,57,40,40,40,50,1,0
39,Nidorino,6,0,365,61,72,57,55,55,65,1,0
40,Clefairy,9,0,323,70,45,48,60,65,35,1,0
41,Ninetales,2,0,505,73,76,75,81,100,100,1,0
42,Jigglypuff,5,9,270,115,45,20,45,25,20,1,0
43,Wigglytuff,5,9,435,140,70,45,85,50,45,1,0
44,Zubat,6,18,245,40,45,35,30,40,55,1,0
45,Golbat,6,18,455,75,80,70,65,75,90,1,0
46,Oddish,1,6,320,45,50,55,75,65,30,1,0
47,Gloom,1,6,395,60,65,70,85,75,40,1,0
48,Vileplume,1,6,490,75,80,85,110,90,50,1,0
49,Paras,4,1,285,35,70,55,45,55,25,1,0
50,Parasect,4,1,405,60,95,80,60,80,30,1,0
51,Venonat,4,6,305,60,55,50,40,55,45,1,0
52,Venomoth,4,6,450,70,65,60,90,75,90,1,0
53,Diglett,8,0,265,10,55,25,35,45,95,1,0
54,Dugtrio,8,0,405,35,80,50,50,70,120,1,0
55,Meowth,5,0,290,40,45,35,40,40,90,1,0
56,Persian,5,0,440,65,70,60,65,65,115,1,0
57,Psyduck,3,0,320,50,52,48,65,50,55,1,0
58,Golduck,3,0,500,80,82,78,95,80,85,1,0
59,Mankey,10,0,305,40,80,35,35,45,70,1,0
60,Primeape,10,0,455,65,105,60,60,70,95,1,0
61,Growlithe,2,0,350,55,70,45,70,50,60,1,0
62,Arcanine,2,0,555,90,110,80,100,80,95,1,0
63,Poliwag,3,0,300,40,50,40,40,40,90,1,0
64,Poliwhirl,3,0,385,65,65,65,50,50,90,1,0
65,Poliwrath,3,10,510,90,95,95,70,90,70,1,0
66,Abra,11,0,310,25,20,15,105,55,90,1,0
67,Kadabra,11,0,400,40,35,30,120,70,105,1,0
68,AlakazamMega Alakazam,11,0,590,55,50,65,175,95,150,1,0
69,Alakazam,11,0,500,55,50,45,135,95,120,1,0
70,Machop,10,0,305,70,80,50,35,35,35,1,0
71,Machoke,10,0,405,80,100,70,50,60,45,1,0
72,Machamp,10,0,505,90,130,80,65,85,55,1,0
73,Bellsprout,1,6,300,50,75,35,70,30,40,1,0
74,Weepinbell,1,6,390,65,90,50,85,45,55,1,0
75,Victreebel,1,6,490,80,105,65,100,70,70,1,0
76,Tentacool,3,6,335,40,40,35,50,100,70,1,0
77,Tentacruel,3,6,515,80,70,65,80,120,100,1,0
78,Geodude,12,8,300,40,80,100,30,30,20,1,0
79,Graveler,12,8,390,55,95,115,45,45,35,1,0
80,Golem,12,8,495,80,120,130,55,65,45,1,0
81,Ponyta,2,0,410,50,85,55,65,65,90,1,0
82,Rapidash,2,0,500,65,100,70,80,80,105,1,0
83,Slowpoke,3,11,315,90,65,65,40,40,15,1,0
84,SlowbroMega Slowbro,3,11,590,95,75,180,130,80,30,1,0
85,Slowbro,3,11,490,95,75,110,100,80,30,1,0
86,Magnemite,7,17,325,25,35,70,95,55,45,1,0
87,Magneton,7,17,465,50,60,95,120,70,70,1,0
88,Farfetch'd,5,18,352,52,65,55,58,62,60,1,0
89,Doduo,5,18,310,35,85,45,35,35,75,1,0
90,Dodrio,5,18,460,60,110,70,60,60,100,1,0
91,Seel,3,0,325,65,45,55,45,70,45,1,0
92,Dewgong,3,14,475,90,70,80,70,95,70,1,0
93,Grimer,6,0,325,80,80,50,40,50,25,1,0
94,Muk,6,0,500,105,105,75,65,100,50,1,0
95,Shellder,3,0,305,30,65,100,45,25,40,1,0
96,Cloyster,3,14,525,50,95,180,85,45,70,1,0
97,Gastly,13,6,310,30,35,30,100,35,80,1,0
98,Haunter,13,6,405,45,50,45,115,55,95,1,0
99,GengarMega Gengar,13,6,600,60,65,80,170,95,130,1,0
100,Gengar,13,6,500,60,65,60,130,75,110,1,0
101,Onix,12,8,385,35,45,160,30,45,70,1,0
102,Drowzee,11,0,328,60,48,45,43,90,42,1,0
103,Hypno,11,0,483,85,73,70,73,115,67,1,0
104,Krabby,3,0,325,30,105,90,25,25,50,1,0
105,Kingler,3,0,475,55,130,115,50,50,75,1,0
106,Voltorb,7,0,330,40,30,50,55,55,100,1,0
107,Electrode,7,0,480,60,50,70,80,80,140,1,0
108,Exeggcute,1,11,325,60,40,80,60,45,40,1,0
109,Exeggutor,1,11,520,95,95,85,125,65,55,1,0
110,Cubone,8,0,320,50,50,95,40,50,35,1,0
111,Marowak,8,0,425,60,80,110,50,80,45,1,0
112,Hitmonlee,10,0,455,50,120,53,35,110,87,1,0
113,Hitmonchan,10,0,455,50,105,79,35,110,76,1,0
114,Lickitung,5,0,385,90,55,75,60,75,30,1,0
115,Koffing,6,0,340,40,65,95,60,45,35,1,0
116,Weezing,6,0,490,65,90,120,85,70,60,1,0
117,Rhyhorn,8,12,345,80,85,95,30,30,25,1,0
118,Rhydon,8,12,485,105,130,120,45,45,40,1,0
119,Chansey,5,0,450,250,5,5,35,105,50,1,0
120,Tangela,1,0,435,65,55,115,100,40,60,1,0
121,KangaskhanMega Kangaskhan,5,0,590,105,125,100,60,100,100,1,0
122,Kangaskhan,5,0,490,105,95,80,40,80,90,1,0
123,Horsea,3,0,295,30,40,70,70,25,60,1,0
124,Seadra,3,0,440,55,65,95,95,45,85,1,0
125,Goldeen,3,0,320,45,67,60,35,50,63,1,0
126,Seaking,3,0,450,80,92,65,65,80,68,1,0
127,Staryu,3,0,340,30,45,55,70,55,85,1,0
128,Starmie,3,11,520,60,75,85,100,85,115,1,0
129,Mr. Mime,11,9,460,40,45,65,100,120,90,1,0
130,Scyther,4,18,500,70,110,80,55,80,105,1,0
131,Jynx,14,11,455,65,50,35,115,95,95,1,0
132,Electabuzz,7,0,490,65,83,57,95,85,105,1,0
133,Magmar,2,0,495,65,95,57,100,85,93,1,0
134,Pinsir,4,0,500,65,125,100,55,70,85,1,0
135,PinsirMega Pinsir,4,18,600,65,155,120,65,90,105,1,0
136,Tauros,5,0,490,75,100,95,40,70,110,1,0
137,Magikarp,3,0,200,20,10,55,15,20,80,1,0
138,GyaradosMega Gyarados,3,16,640,95,155,109,70,130,81,1,0
139,Gyarados,3,18,540,95,125,79,60,100,81,1,0
140,Lapras,3,14,535,130,85,80,85,95,60,1,0
141,Eevee,5,0,325,55,55,50,45,65,55,1,0
142,Vaporeon,3,0,525,130,65,60,110,95,65,1,0
143,Jolteon,7,0,525,65,65,60,110,95,130,1,0
144,Flareon,2,0,525,65,130,60,95,110,65,1,0
145,Porygon,5,0,395,65,60,70,85,75,40,1,0
146,Omanyte,12,3,355,35,40,100,90,55,35,1,0
147,Omastar,12,3,495,70,60,125,115,70,55,1,0
148,Kabuto,12,3,355,30,80,90,55,45,55,1,0
149,Kabutops,12,3,495,60,115,105,65,70,80,1,0
150,AerodactylMega Aerodactyl,12,18,615,80,135,85,70,95,150,1,0
151,Aerodactyl,12,18,515,80,105,65,60,75,130,1,0
152,Snorlax,5,0,540,160,110,65,65,110,30,1,0
153,Articuno,14,18,580,90,85,100,95,125,85,1,1
154,Zapdos,7,18,580,90,90,85,125,90,100,1,1
155,Moltres,2,18,580,90,100,90,125,85,90,1,1
156,Dratini,15,0,300,41,64,45,50,50,50,1,0
157,Dragonair,15,0,420,61,84,65,70,70,70,1,0
158,MewtwoMega Mewtwo Y,11,0,780,106,150,70,194,120,140,1,1
159,MewtwoMega Mewtwo X,11,10,780,106,190,100,154,100,130,1,1
160,Mew,11,0,600,100,100,100,100,100,100,1,0
161,Chikorita,1,0,318,45,49,65,49,65,45,2,0
162,Bayleef,1,0,405,60,62,80,63,80,60,2,0
163,Meganium,1,0,525,80,82,100,83,100,80,2,0
164,Cyndaquil,2,0,309,39,52,43,60,50,65,2,0
165,Quilava,2,0,405,58,64,58,80,65,80,2,0
166,Typhlosion,2,0,534,78,84,78,109,85,100,2,0
167,Totodile,3,0,314,50,65,64,44,48,43,2,0
168,Croconaw,3,0,405,65,80,80,59,63,58,2,0
169,Feraligatr,3,0,530,85,105,100,79,83,78,2,0
170,Sentret,5,0,215,35,46,34,35,45,20,2,0
171,Furret,5,0,415,85,76,64,45,55,90,2,0
172,Hoothoot,5,18,262,60,30,30,36,56,50,2,0
173,Noctowl,5,18,442,100,50,50,76,96,70,2,0
174,Ledyba,4,18,265,40,20,30,40,80,55,2,0
175,Ledian,4,18,390,55,35,50,55,110,85,2,0
176,Spinarak,4,6,250,40,60,40,40,40,30,2,0
177,Ariados,4,6,390,70,90,70,60,60,40,2,0
178,Crobat,6,18,535,85,90,80,70,80,130,2,0
179,Chinchou,3,7,330,75,38,38,56,56,67,2,0
180,Lanturn,3,7,460,125,58,58,76,76,67,2,0
181,Pichu,7,0,205,20,40,15,35,35,60,2,0
182,Cleffa,9,0,218,50,25,28,45,55,15,2,0
183,Igglybuff,5,9,210,90,30,15,40,20,15,2,0
184,Togepi,9,0,245,35,20,65,40,65,20,2,0
185,Togetic,9,18,405,55,40,85,80,105,40,2,0
186,Natu,11,18,320,40,50,45,70,45,70,2,0
187,Mareep,7,0,280,55,40,40,65,45,35,2,0
188,Flaaffy,7,0,365,70,55,55,80,60,45,2,0
189,AmpharosMega Ampharos,7,15,610,90,95,105,165,110,45,2,0
190,Ampharos,7,0,510,90,75,85,115,90,55,2,0
191,Bellossom,1,0,490,75,80,95,90,100,50,2,0
192,Marill,3,9,250,70,20,50,20,50,40,2,0
193,Azumarill,3,9,420,100,50,80,60,80,50,2,0
194,Sudowoodo,12,0,410,70,100,115,30,65,30,2,0
195,Politoed,3,0,500,90,75,75,90,100,70,2,0
196,Hoppip,1,18,250,35,35,40,35,55,50,2,0
197,Skiploom,1,18,340,55,45,50,45,65,80,2,0
198,Jumpluff,1,18,460,75,55,70,55,95,110,2,0
199,Aipom,5,0,360,55,70,55,40,55,85,2,0
200,Sunkern,1,0,180,30,30,30,30,30,30,2,0
201,Sunflora,1,0,425,75,75,55,105,85,30,2,0
202,Yanma,4,18,390,65,65,45,75,45,95,2,0
203,Wooper,3,8,210,55,45,45,25,25,15,2,0
204,Quagsire,3,8,430,95,85,85,65,65,35,2,0
205,Espeon,11,0,525,65,65,60,130,95,110,2,0
206,Murkrow,16,18,405,60,85,42,85,42,91,2,0
207,Slowking,3,11,490,95,75,80,100,110,30,2,0
208,Misdreavus,13,0,435,60,60,60,85,85,85,2,0
209,Unown,11,0,336,48,72,48,72,48,48,2,0
210,Wobbuffet,11,0,405,190,33,58,33,58,33,2,0
211,Girafarig,5,11,455,70,80,65,90,65,85,2,0
212,Pineco,4,0,290,50,65,90,35,35,15,2,0
213,Forretress,4,17,465,75,90,140,60,60,40,2,0
214,Dunsparce,5,0,415,100,70,70,65,65,45,2,0
215,Gligar,8,18,430,65,75,105,35,65,85,2,0
216,Steelix,17,8,510,75,85,200,55,65,30,2,0
217,SteelixMega Steelix,17,8,610,75,125,230,55,95,30,2,0
218,Snubbull,9,0,300,60,80,50,40,40,30,2,0
219,Granbull,9,0,450,90,120,75,60,60,45,2,0
220,Qwilfish,3,6,430,65,95,75,55,55,85,2,0
221,Scizor,4,17,500,70,130,100,55,80,65,2,0
222,Shuckle,4,12,505,20,10,230,10,230,5,2,0
223,Heracross,4,10,500,80,125,75,40,95,85,2,0
224,HeracrossMega Heracross,4,10,600,80,185,115,40,105,75,2,0
225,Sneasel,16,14,430,55,95,55,35,75,115,2,0
226,Teddiursa,5,0,330,60,80,50,50,50,40,2,0
227,Ursaring,5,0,500,90,130,75,75,75,55,2,0
228,Slugma,2,0,250,40,40,40,70,40,20,2,0
229,Magcargo,2,12,410,50,50,120,80,80,30,2,0
230,Swinub,14,8,250,50,50,40,30,30,50,2,0
231,Piloswine,14,8,450,100,100,80,60,60,50,2,0
232,Corsola,3,12,380,55,55,85,65,85,35,2,0
233,Remoraid,3,0,300,35,65,35,65,35,65,2,0
234,Octillery,3,0,480,75,105,75,105,75,45,2,0
235,Delibird,14,18,330,45,55,45,65,45,75,2,0
236,Mantine,3,18,465,65,40,70,80,140,70,2,0
237,Skarmory,17,18,465,65,80,140,40,70,70,2,0
238,Houndour,16,2,330,45,60,30,80,50,65,2,0
239,HoundoomMega Houndoom,16,2,600,75,90,90,140,90,115,2,0
240,Houndoom,16,2,500,75,90,50,110,80,95,2,0
241,Kingdra,3,15,540,75,95,95,95,95,85,2,0
242,Phanpy,8,0,330,90,60,60,40,40,40,2,0
243,Donphan,8,0,500,90,120,120,60,60,50,2,0
244,Porygon2,5,0,515,85,80,90,105,95,60,2,0
245,Stantler,5,0,465,73,95,62,85,65,85,2,0
246,Smeargle,5,0,250,55,20,35,20,45,75,2,0
247,Tyrogue,10,0,210,35,35,35,35,35,35,2,0
248,Hitmontop,10,0,455,50,95,95,35,110,70,2,0
249,Smoochum,14,11,305,45,30,15,85,65,65,2,0
250,Elekid,7,0,360,45,63,37,65,55,95,2,0
251,Magby,2,0,365,45,75,37,70,55,83,2,0
252,Miltank,5,0,490,95,80,105,40,70,100,2,0
253,Blissey,5,0,540,255,10,10,75,135,55,2,0
254,Raikou,7,0,580,90,85,75,115,100,115,2,1
255,Entei,2,0,580,115,115,85,90,75,100,2,1
256,Suicune,3,0,580,100,75,115,90,115,85,2,1
257,Larvitar,12,8,300,50,64,50,45,50,41,2,0
258,Pupitar,12,8,410,70,84,70,65,70,51,2,0
259,Tyranitar,12,16,600,100,134,110,95,100,61,2,0
260,TyranitarMega Tyranitar,12,16,700,100,164,150,95,120,71,2,0
261,Lugia,11,18,680,106,90,130,90,154,110,2,1
262,Ho-oh,2,18,680,106,130,90,110,154,90,2,1
263,Celebi,11,1,600,100,100,100,100,100,100,2,0
264,Treecko,1,0,310,40,45,35,65,55,70,3,0
265,Grovyle,1,0,405,50,65,45,85,65,95,3,0
266,SceptileMega Sceptile,1,15,630,70,110,75,145,85,145,3,0
267,Sceptile,1,0,530,70,85,65,105,85,120,3,0
268,Torchic,2,0,310,45,60,40,70,50,45,3,0
269,Combusken,2,10,405,60,85,60,85,60,55,3,0
270,BlazikenMega Blaziken,2,10,630,80,160,80,130,80,100,3,0
271,Blaziken,2,10,530,80,120,70,110,70,80,3,0
272,Mudkip,3,0,310,50,70,50,50,50,40,3,0
273,Marshtomp,3,8,405,70,85,70,60,70,50,3,0
274,Swampert,3,8,535,100,110,90,85,90,60,3,0
275,SwampertMega Swampert,3,8,635,100,150,110,95,110,70,3,0
276,Poochyena,16,0,220,35,55,35,30,30,35,3,0
277,Mightyena,16,0,420,70,90,70,60,60,70,3,0
278,Zigzagoon,5,0,240,38,30,41,30,41,60,3,0
279,Linoone,5,0,420,78,70,61,50,61,100,3,0
280,Wurmple,4,0,195,45,45,35,20,30,20,3,0
281,Silcoon,4,0,205,50,35,55,25,25,15,3,0
282,Beautifly,4,18,395,60,70,50,100,50,65,3,0
283,Cascoon,4,0,205,50,35,55,25,25,15,3,0
284,Dustox,4,6,385,60,50,70,50,90,65,3,0
285,Lotad,3,1,220,40,30,30,40,50,30,3,0
286,Lombre,3,1,340,60,50,50,60,70,50,3,0
287,Ludicolo,3,1,480,80,70,70,90,100,70,3,0
288,Seedot,1,0,220,40,40,50,30,30,30,3,0
289,Nuzleaf,1,16,340,70,70,40,60,40,60,3,0
290,Shiftry,1,16,480,90,100,60,90,60,80,3,0
291,Taillow,5,18,270,40,55,30,30,30,85,3,0
292,Swellow,5,18,430,60,85,60,50,50,125,3,0
293,Wingull,3,18,270,40,30,30,55,30,85,3,0
294,Pelipper,3,18,430,60,50,100,85,70,65,3,0
295,Ralts,11,9,198,28,25,25,45,35,40,3,0
296,Kirlia,11,9,278,38,35,35,65,55,50,3,0
297,GardevoirMega Gardevoir,11,9,618,68,85,65,165,135,100,3,0
298,Gardevoir,11,9,518,68,65,65,125,115,80,3,0
299,Surskit,4,3,269,40,30,32,50,52,65,3,0
300,Masquerain,4,18,414,70,60,62,80,82,60,3,0
301,Shroomish,1,0,295,60,40,60,40,60,35,3,0
302,Breloom,1,10,460,60,130,80,60,60,70,3,0
303,Slakoth,5,0,280,60,60,60,35,35,30,3,0
304,Vigoroth,5,0,440,80,80,80,55,55,90,3,0
305,Slaking,5,0,670,150,160,100,95,65,100,3,0
306,Nincada,4,8,266,31,45,90,30,30,40,3,0
307,Ninjask,4,18,456,61,90,45,50,50,160,3,0
308,Shedinja,4,13,236,1,90,45,30,30,40,3,0
309,Whismur,5,0,240,64,51,23,51,23,28,3,0
310,Loudred,5,0,360,84,71,43,71,43,48,3,0
311,Exploud,5,0,490,104,91,63,91,73,68,3,0
312,Makuhita,10,0,237,72,60,30,20,30,25,3,0
313,Hariyama,10,0,474,144,120,60,40,60,50,3,0
314,Azurill,5,9,190,50,20,40,20,40,20,3,0
315,Nosepass,12,0,375,30,45,135,45,90,30,3,0
316,Skitty,5,0,260,50,45,45,35,35,50,3,0
317,Delcatty,5,0,380,70,65,65,55,55,70,3,0
318,SableyeMega Sableye,16,13,480,50,85,125,85,115,20,3,0
319,Sableye,16,13,380,50,75,75,65,65,50,3,0
320,Mawile,17,9,380,50,85,85,55,55,50,3,0
321,MawileMega Mawile,17,9,480,50,105,125,55,95,50,3,0
322,Aron,17,12,330,50,70,100,40,40,30,3,0
323,Lairon,17,12,430,60,90,140,50,50,40,3,0
324,Aggron,17,12,530,70,110,180,60,60,50,3,0
325,AggronMega Aggron,17,0,630,70,140,230,60,80,50,3,0
326,Meditite,10,11,280,30,40,55,40,55,60,3,0
327,Medicham,10,11,410,60,60,75,60,75,80,3,0
328,MedichamMega Medicham,10,11,510,60,100,85,80,85,100,3,0
329,Electrike,7,0,295,40,45,40,65,40,65,3,0
330,Manectric,7,0,475,70,75,60,105,60,105,3,0
331,ManectricMega Manectric,7,0,575,70,75,80,135,80,135,3,0
332,Plusle,7,0,405,60,50,40,85,75,95,3,0
333,Minun,7,0,405,60,40,50,75,85,95,3,0
334,Volbeat,4,0,400,65,73,55,47,75,85,3,0
335,Illumise,4,0,400,65,47,55,73,75,85,3,0
336,Roselia,1,6,400,50,60,45,100,80,65,3,0
337,Gulpin,6,0,302,70,43,53,43,53,40,3,0
338,Swalot,6,0,467,100,73,83,73,83,55,3,0
339,Carvanha,3,16,305,45,90,20,65,20,65,3,0
340,SharpedoMega Sharpedo,3,16,560,70,140,70,110,65,105,3,0
341,Sharpedo,3,16,460,70,120,40,95,40,95,3,0
342,Wailmer,3,0,400,130,70,35,70,35,60,3,0
343,Wailord,3,0,500,170,90,45,90,45,60,3,0
344,Numel,2,8,305,60,60,40,65,45,35,3,0
345,CameruptMega Camerupt,2,8,560,70,120,100,145,105,20,3,0
346,Camerupt,2,8,460,70,100,70,105,75,40,3,0
347,Spoink,11,0,330,60,25,35,70,80,60,3,0
348,Grumpig,11,0,470,80,45,65,90,110,80,3,0
349,Spinda,5,0,360,60,60,60,60,60,60,3,0
350,Trapinch,8,0,290,45,100,45,45,45,10,3,0
351,Vibrava,8,15,340,50,70,50,50,50,70,3,0
352,Flygon,8,15,520,80,100,80,80,80,100,3,0
353,Cacnea,1,0,335,50,85,40,85,40,35,3,0
354,Cacturne,1,16,475,70,115,60,115,60,55,3,0
355,Swablu,5,18,310,45,40,60,40,75,50,3,0
356,AltariaMega Altaria,15,9,590,75,110,110,110,105,80,3,0
357,Altaria,15,18,490,75,70,90,70,105,80,3,0
358,Zangoose,5,0,458,73,115,60,60,60,90,3,0
359,Seviper,6,0,458,73,100,60,100,60,65,3,0
360,Lunatone,12,11,440,70,55,65,95,85,70,3,0
361,Solrock,12,11,440,70,95,85,55,65,70,3,0
362,Barboach,3,8,288,50,48,43,46,41,60,3,0
363,Whiscash,3,8,468,110,78,73,76,71,60,3,0
364,Corphish,3,0,308,43,80,65,50,35,35,3,0
365,Crawdaunt,3,16,468,63,120,85,90,55,55,3,0
366,Baltoy,8,11,300,40,40,55,40,70,55,3,0
367,Claydol,8,11,500,60,70,105,70,120,75,3,0
368,Lileep,12,1,355,66,41,77,61,87,23,3,0
369,Cradily,12,1,495,86,81,97,81,107,43,3,0
370,Anorith,12,4,355,45,95,50,40,50,75,3,0
371,Armaldo,12,4,495,75,125,100,70,80,45,3,0
372,Feebas,3,0,200,20,15,20,10,55,80,3,0
373,Milotic,3,0,540,95,60,79,100,125,81,3,0
374,Castform,5,0,420,70,70,70,70,70,70,3,0
375,Kecleon,5,0,440,60,90,70,60,120,40,3,0
376,Shuppet,13,0,295,44,75,35,63,33,45,3,0
377,BanetteMega Banette,13,0,555,64,165,75,93,83,75,3,0
378,Banette,13,0,455,64,115,65,83,63,65,3,0
379,Duskull,13,0,295,20,40,90,30,90,25,3,0
380,Dusclops,13,0,455,40,70,130,60,130,25,3,0
381,Tropius,1,18,460,99,68,83,72,87,51,3,0
382,Chimecho,11,0,425,65,50,70,95,80,65,3,0
383,AbsolMega Absol,16,0,565,65,150,60,115,60,115,3,0
384,Absol,16,0,465,65,130,60,75,60,75,3,0
385,Wynaut,11,0,260,95,23,48,23,48,23,3,0
386,Snorunt,14,0,300,50,50,50,50,50,50,3,0
387,GlalieMega Glalie,14,0,580,80,120,80,120,80,100,3,0
388,Glalie,14,0,480,80,80,80,80,80,80,3,0
389,Spheal,14,3,290,70,40,50,55,50,25,3,0
390,Sealeo,14,3,410,90,60,70,75,70,45,3,0
391,Walrein,14,3,530,110,80,90,95,90,65,3,0
392,Clamperl,3,0,345,35,64,85,74,55,32,3,0
393,Huntail,3,0,485,55,104,105,94,75,52,3,0
394,Gorebyss,3,0,485,55,84,105,114,75,52,3,0
395,Relicanth,3,12,485,100,90,130,45,65,55,3,0
396,Luvdisc,3,0,330,43,30,55,40,65,97,3,0
397,Shelgon,15,0,420,65,95,100,60,50,50,3,0
398,Salamence,15,18,600,95,135,80,110,80,100,3,0
399,SalamenceMega Salamence,15,18,700,95,145,130,120,90,120,3,0
400,Beldum,17,11,300,40,55,80,35,60,30,3,0
401,Metang,17,11,420,60,75,100,55,80,50,3,0
402,MetagrossMega Metagross,17,11,700,80,145,150,105,110,110,3,0
403,Metagross,17,11,600,80,135,130,95,90,70,3,0
404,Regirock,12,0,580,80,100,200,50,100,50,3,1
405,Registeel,17,0,580,80,75,150,75,150,50,3,1
406,Latias,15,11,600,80,80,90,110,130,110,3,1
407,LatiasMega Latias,15,11,700,80,100,120,140,150,110,3,1
408,Latios,15,11,600,80,90,80,130,110,110,3,1
409,LatiosMega Latios,15,11,700,80,130,100,160,120,110,3,1
410,KyogrePrimal Kyogre,3,0,770,100,150,90,180,160,90,3,1
411,Kyogre,3,0,670,100,100,90,150,140,90,3,1
412,GroudonPrimal Groudon,8,2,770,100,180,160,150,90,90,3,1
413,Groudon,8,0,670,100,150,140,100,90,90,3,1
414,RayquazaMega Rayquaza,15,18,780,105,180,100,180,100,115,3,1
415,Rayquaza,15,18,680,105,150,90,150,90,95,3,1
416,Jirachi,17,11,600,100,100,100,100,100,100,3,1
417,DeoxysNormal Forme,11,0,600,50,150,50,150,50,150,3,1
418,DeoxysAttack Forme,11,0,600,50,180,20,180,20,150,3,1
419,DeoxysDefense Forme,11,0,600,50,70,160,70,160,90,3,1
420,DeoxysSpeed Forme,11,0,600,50,95,90,95,90,180,3,1
421,Turtwig,1,0,318,55,68,64,45,55,31,4,0
422,Grotle,1,0,405,75,89,85,55,65,36,4,0
423,Torterra,1,8,525,95,109,105,75,85,56,4,0
424,Chimchar,2,0,309,44,58,44,58,44,61,4,0
425,Monferno,2,10,405,64,78,52,78,52,81,4,0
426,Infernape,2,10,534,76,104,71,104,71,108,4,0
427,Piplup,3,0,314,53,51,53,61,56,40,4,0
428,Prinplup,3,0,405,64,66,68,81,76,50,4,0
429,Empoleon,3,17,530,84,86,88,111,101,60,4,0
430,Starly,5,18,245,40,55,30,30,30,60,4,0
431,Staraptor,5,18,485,85,120,70,50,60,100,4,0
432,Bidoof,5,0,250,59,45,40,35,40,31,4,0
433,Bibarel,5,3,410,79,85,60,55,60,71,4,0
434,Kricketot,4,0,194,37,25,41,25,41,25,4,0
435,Kricketune,4,0,384,77,85,51,55,51,65,4,0
436,Shinx,7,0,263,45,65,34,40,34,45,4,0
437,Luxio,7,0,363,60,85,49,60,49,60,4,0
438,Luxray,7,0,523,80,120,79,95,79,70,4,0
439,Budew,1,6,280,40,30,35,50,70,55,4,0
440,Roserade,1,6,515,60,70,65,125,105,90,4,0
441,Cranidos,12,0,350,67,125,40,30,30,58,4,0
442,Rampardos,12,0,495,97,165,60,65,50,58,4,0
443,Shieldon,12,17,350,30,42,118,42,88,30,4,0
444,Bastiodon,12,17,495,60,52,168,47,138,30,4,0
445,Burmy,4,0,224,40,29,45,29,45,36,4,0
446,WormadamPlant Cloak,4,1,424,60,59,85,79,105,36,4,0
447,WormadamTrash Cloak,4,17,424,60,69,95,69,95,36,4,0
448,Mothim,4,18,424,70,94,50,94,50,66,4,0
449,Combee,4,18,244,30,30,42,30,42,70,4,0
450,Vespiquen,4,18,474,70,80,102,80,102,40,4,0
451,Pachirisu,7,0,405,60,45,70,45,90,95,4,0
452,Buizel,3,0,330,55,65,35,60,30,85,4,0
453,Floatzel,3,0,495,85,105,55,85,50,115,4,0
454,Cherubi,1,0,275,45,35,45,62,53,35,4,0
455,Cherrim,1,0,450,70,60,70,87,78,85,4,0
456,Shellos,3,0,325,76,48,48,57,62,34,4,0
457,Gastrodon,3,8,475,111,83,68,92,82,39,4,0
458,Ambipom,5,0,482,75,100,66,60,66,115,4,0
459,Drifloon,13,18,348,90,50,34,60,44,70,4,0
460,Drifblim,13,18,498,150,80,44,90,54,80,4,0
461,Buneary,5,0,350,55,66,44,44,56,85,4,0
462,LopunnyMega Lopunny,5,10,580,65,136,94,54,96,135,4,0
463,Lopunny,5,0,480,65,76,84,54,96,105,4,0
464,Mismagius,13,0,495,60,60,60,105,105,105,4,0
465,Honchkrow,16,18,505,100,125,52,105,52,71,4,0
466,Glameow,5,0,310,49,55,42,42,37,85,4,0
467,Purugly,5,0,452,71,82,64,64,59,112,4,0
468,Chingling,11,0,285,45,30,50,65,50,45,4,0
469,Stunky,6,16,329,63,63,47,41,41,74,4,0
470,Skuntank,6,16,479,103,93,67,71,61,84,4,0
471,Bronzor,17,11,300,57,24,86,24,86,23,4,0
472,Bronzong,17,11,500,67,89,116,79,116,33,4,0
473,Bonsly,12,0,290,50,80,95,10,45,10,4,0
474,Mime Jr.,11,9,310,20,25,45,70,90,60,4,0
475,Happiny,5,0,220,100,5,5,15,65,30,4,0
476,Chatot,5,18,411,76,65,45,92,42,91,4,0
477,Spiritomb,13,16,485,50,92,108,92,108,35,4,0
478,Gible,15,8,300,58,70,45,40,45,42,4,0
479,Gabite,15,8,410,68,90,65,50,55,82,4,0
480,GarchompMega Garchomp,15,8,700,108,170,115,120,95,92,4,0
481,Garchomp,15,8,600,108,130,95,80,85,102,4,0
482,Munchlax,5,0,390,135,85,40,40,85,5,4,0
483,Riolu,10,0,285,40,70,40,35,40,60,4,0
484,Lucario,10,17,525,70,110,70,115,70,90,4,0
485,LucarioMega Lucario,10,17,625,70,145,88,140,70,112,4,0
486,Hippopotas,8,0,330,68,72,78,38,42,32,4,0
487,Hippowdon,8,0,525,108,112,118,68,72,47,4,0
488,Skorupi,6,4,330,40,50,90,30,55,65,4,0
489,Drapion,6,16,500,70,90,110,60,75,95,4,0
490,Croagunk,6,10,300,48,61,40,61,40,50,4,0
491,Toxicroak,6,10,490,83,106,65,86,65,85,4,0
492,Carnivine,1,0,454,74,100,72,90,72,46,4,0
493,Finneon,3,0,330,49,49,56,49,61,66,4,0
494,Lumineon,3,0,460,69,69,76,69,86,91,4,0
495,Mantyke,3,18,345,45,20,50,60,120,50,4,0
496,Snover,1,14,334,60,62,50,62,60,40,4,0
497,Abomasnow,1,14,494,90,92,75,92,85,60,4,0
498,AbomasnowMega Abomasnow,1,14,594,90,132,105,132,105,30,4,0
499,Weavile,16,14,510,70,120,65,45,85,125,4,0
500,Magnezone,7,17,535,70,70,115,130,90,60,4,0
501,Lickilicky,5,0,515,110,85,95,80,95,50,4,0
502,Rhyperior,8,12,535,115,140,130,55,55,40,4,0
503,Tangrowth,1,0,535,100,100,125,110,50,50,4,0
504,Electivire,7,0,540,75,123,67,95,85,95,4,0
505,Magmortar,2,0,540,75,95,67,125,95,83,4,0
506,Yanmega,4,18,515,86,76,86,116,56,95,4,0
507,Leafeon,1,0,525,65,110,130,60,65,95,4,0
508,Gliscor,8,18,510,75,95,125,45,75,95,4,0
509,Mamoswine,14,8,530,110,130,80,70,60,80,4,0
510,Porygon-Z,5,0,535,85,80,70,135,75,90,4,0
511,Gallade,11,10,518,68,125,65,65,115,80,4,0
512,GalladeMega Gallade,11,10,618,68,165,95,65,115,110,4,0
513,Probopass,12,17,525,60,55,145,75,150,40,4,0
514,Dusknoir,13,0,525,45,100,135,65,135,45,4,0
515,Froslass,14,13,480,70,80,70,80,70,110,4,0
516,RotomFan Rotom,7,18,520,50,65,107,105,107,86,4,0
517,RotomWash Rotom,7,3,520,50,65,107,105,107,86,4,0
518,RotomMow Rotom,7,1,520,50,65,107,105,107,86,4,0
519,RotomFrost Rotom,7,14,520,50,65,107,105,107,86,4,0
520,RotomHeat Rotom,7,2,520,50,65,107,105,107,86,4,0
521,Rotom,7,13,440,50,50,77,95,77,91,4,0
522,Uxie,11,0,580,75,75,130,75,130,95,4,1
523,Mesprit,11,0,580,80,105,105,105,105,80,4,1
524,Azelf,11,0,580,75,125,70,125,70,115,4,1
525,Dialga,17,15,680,100,120,120,150,100,90,4,1
526,Palkia,3,15,680,90,120,100,150,120,100,4,1
527,Heatran,2,17,600,91,90,106,130,106,77,4,1
528,Regigigas,5,0,670,110,160,110,80,110,100,4,1
529,GiratinaAltered Forme,13,15,680,150,100,120,100,120,90,4,1
530,GiratinaOrigin Forme,13,15,680,150,120,100,120,100,90,4,1
531,Cresselia,11,0,600,120,70,120,75,130,85,4,0
532,Phione,3,0,480,80,80,80,80,80,80,4,0
533,Manaphy,3,0,600,100,100,100,100,100,100,4,0
534,Darkrai,16,0,600,70,90,90,135,90,125,4,1
535,ShayminSky Forme,1,18,600,100,103,75,120,75,127,4,1
536,ShayminLand Forme,1,0,600,100,100,100,100,100,100,4,1
537,Arceus,5,0,720,120,120,120,120,120,120,4,1
538,Victini,11,2,600,100,100,100,100,100,100,5,1
539,Snivy,1,0,308,45,45,55,45,55,63,5,0
540,Servine,1,0,413,60,60,75,60,75,83,5,0
541,Serperior,1,0,528,75,75,95,75,95,113,5,0
542,Tepig,2,0,308,65,63,45,45,45,45,5,0
543,Pignite,2,10,418,90,93,55,70,55,55,5,0
544,Emboar,2,10,528,110,123,65,100,65,65,5,0
545,Oshawott,3,0,308,55,55,45,63,45,45,5,0
546,Dewott,3,0,413,75,75,60,83,60,60,5,0
547,Samurott,3,0,528,95,100,85,108,70,70,5,0
548,Patrat,5,0,255,45,55,39,35,39,42,5,0
549,Watchog,5,0,420,60,85,69,60,69,77,5,0
550,Lillipup,5,0,275,45,60,45,25,45,55,5,0
551,Herdier,5,0,370,65,80,65,35,65,60,5,0
552,Stoutland,5,0,500,85,110,90,45,90,80,5,0
553,Purrloin,16,0,281,41,50,37,50,37,66,5,0
554,Liepard,16,0,446,64,88,50,88,50,106,5,0
555,Pansage,1,0,316,50,53,48,53,48,64,5,0
556,Simisage,1,0,498,75,98,63,98,63,101,5,0
557,Pansear,2,0,316,50,53,48,53,48,64,5,0
558,Simisear,2,0,498,75,98,63,98,63,101,5,0
559,Panpour,3,0,316,50,53,48,53,48,64,5,0
560,Simipour,3,0,498,75,98,63,98,63,101,5,0
561,Munna,11,0,292,76,25,45,67,55,24,5,0
562,Musharna,11,0,487,116,55,85,107,95,29,5,0
563,Pidove,5,18,264,50,55,50,36,30,43,5,0
564,Tranquill,5,18,358,62,77,62,50,42,65,5,0
565,Unfezant,5,18,488,80,115,80,65,55,93,5,0
566,Blitzle,7,0,295,45,60,32,50,32,76,5,0
567,Zebstrika,7,0,497,75,100,63,80,63,116,5,0
568,Roggenrola,12,0,280,55,75,85,25,25,15,5,0
569,Gigalith,12,0,515,85,135,130,60,80,25,5,0
570,Woobat,11,18,313,55,45,43,55,43,72,5,0
571,Swoobat,11,18,425,67,57,55,77,55,114,5,0
572,Drilbur,8,0,328,60,85,40,30,45,68,5,0
573,Excadrill,8,17,508,110,135,60,50,65,88,5,0
574,Audino,5,0,445,103,60,86,60,86,50,5,0
575,AudinoMega Audino,5,9,545,103,60,126,80,126,50,5,0
576,Timburr,10,0,305,75,80,55,25,35,35,5,0
577,Gurdurr,10,0,405,85,105,85,40,50,40,5,0
578,Conkeldurr,10,0,505,105,140,95,55,65,45,5,0
579,Tympole,3,0,294,50,50,40,50,40,64,5,0
580,Palpitoad,3,8,384,75,65,55,65,55,69,5,0
581,Seismitoad,3,8,509,105,95,75,85,75,74,5,0
582,Throh,10,0,465,120,100,85,30,85,45,5,0
583,Sawk,10,0,465,75,125,75,30,75,85,5,0
584,Sewaddle,4,1,310,45,53,70,40,60,42,5,0
585,Swadloon,4,1,380,55,63,90,50,80,42,5,0
586,Leavanny,4,1,500,75,103,80,70,80,92,5,0
587,Venipede,4,6,260,30,45,59,30,39,57,5,0
588,Scolipede,4,6,485,60,100,89,55,69,112,5,0
589,Cottonee,1,9,280,40,27,60,37,50,66,5,0
590,Whimsicott,1,9,480,60,67,85,77,75,116,5,0
591,Petilil,1,0,280,45,35,50,70,50,30,5,0
592,Lilligant,1,0,480,70,60,75,110,75,90,5,0
593,Basculin,3,0,460,70,92,65,80,55,98,5,0
594,Sandile,8,16,292,50,72,35,35,35,65,5,0
595,Krokorok,8,16,351,60,82,45,45,45,74,5,0
596,Krookodile,8,16,519,95,117,80,65,70,92,5,0
597,Darumaka,2,0,315,70,90,45,15,45,50,5,0
598,DarmanitanStandard Mode,2,0,480,105,140,55,30,55,95,5,0
599,DarmanitanZen Mode,2,11,540,105,30,105,140,105,55,5,0
600,Maractus,1,0,461,75,86,67,106,67,60,5,0
601,Dwebble,4,12,325,50,65,85,35,35,55,5,0
602,Crustle,4,12,475,70,95,125,65,75,45,5,0
603,Scraggy,16,10,348,50,75,70,35,70,48,5,0
604,Scrafty,16,10,488,65,90,115,45,115,58,5,0
605,Sigilyph,11,18,490,72,58,80,103,80,97,5,0
606,Yamask,13,0,303,38,30,85,55,65,30,5,0
607,Cofagrigus,13,0,483,58,50,145,95,105,30,5,0
608,Tirtouga,3,12,355,54,78,103,53,45,22,5,0
609,Carracosta,3,12,495,74,108,133,83,65,32,5,0
610,Archen,12,18,401,55,112,45,74,45,70,5,0
611,Archeops,12,18,567,75,140,65,112,65,110,5,0
612,Trubbish,6,0,329,50,50,62,40,62,65,5,0
613,Garbodor,6,0,474,80,95,82,60,82,75,5,0
614,Zorua,16,0,330,40,65,40,80,40,65,5,0
615,Zoroark,16,0,510,60,105,60,120,60,105,5,0
616,Minccino,5,0,300,55,50,40,40,40,75,5,0
617,Cinccino,5,0,470,75,95,60,65,60,115,5,0
618,Gothita,11,0,290,45,30,50,55,65,45,5,0
619,Gothorita,11,0,390,60,45,70,75,85,55,5,0
620,Gothitelle,11,0,490,70,55,95,95,110,65,5,0
621,Solosis,11,0,290,45,30,40,105,50,20,5,0
622,Duosion,11,0,370,65,40,50,125,60,30,5,0
623,Reuniclus,11,0,490,110,65,75,125,85,30,5,0
624,Ducklett,3,18,305,62,44,50,44,50,55,5,0
625,Swanna,3,18,473,75,87,63,87,63,98,5,0
626,Vanillite,14,0,305,36,50,50,65,60,44,5,0
627,Vanillish,14,0,395,51,65,65,80,75,59,5,0
628,Vanilluxe,14,0,535,71,95,85,110,95,79,5,0
629,Deerling,5,1,335,60,60,50,40,50,75,5,0
630,Sawsbuck,5,1,475,80,100,70,60,70,95,5,0
631,Emolga,7,18,428,55,75,60,75,60,103,5,0
632,Karrablast,4,0,315,50,75,45,40,45,60,5,0
633,Foongus,1,6,294,69,55,45,55,55,15,5,0
634,Amoonguss,1,6,464,114,85,70,85,80,30,5,0
635,Frillish,3,13,335,55,40,50,65,85,40,5,0
636,Jellicent,3,13,480,100,60,70,85,105,60,5,0
637,Alomomola,3,0,470,165,75,80,40,45,65,5,0
638,Joltik,4,7,319,50,47,50,57,50,65,5,0
639,Galvantula,4,7,472,70,77,60,97,60,108,5,0
640,Ferroseed,1,17,305,44,50,91,24,86,10,5,0
641,Ferrothorn,1,17,489,74,94,131,54,116,20,5,0
642,Klink,17,0,300,40,55,70,45,60,30,5,0
643,Klang,17,0,440,60,80,95,70,85,50,5,0
644,Klinklang,17,0,520,60,100,115,70,85,90,5,0
645,Tynamo,7,0,275,35,55,40,45,40,60,5,0
646,Eelektrik,7,0,405,65,85,70,75,70,40,5,0
647,Eelektross,7,0,515,85,115,80,105,80,50,5,0
648,Elgyem,11,0,335,55,55,55,85,55,30,5,0
649,Beheeyem,11,0,485,75,75,75,125,95,40,5,0
650,Litwick,13,2,275,50,30,55,65,55,20,5,0
651,Lampent,13,2,370,60,40,60,95,60,55,5,0
652,Chandelure,13,2,520,60,55,90,145,90,80,5,0
653,Axew,15,0,320,46,87,60,30,40,57,5,0
654,Fraxure,15,0,410,66,117,70,40,50,67,5,0
655,Haxorus,15,0,540,76,147,90,60,70,97,5,0
656,Cubchoo,14,0,305,55,70,40,60,40,40,5,0
657,Beartic,14,0,485,95,110,80,70,80,50,5,0
658,Cryogonal,14,0,485,70,50,30,95,135,105,5,0
659,Shelmet,4,0,305,50,40,85,40,65,25,5,0
660,Accelgor,4,0,495,80,70,40,100,60,145,5,0
661,Stunfisk,8,7,471,109,66,84,81,99,32,5,0
662,Mienfoo,10,0,350,45,85,50,55,50,65,5,0
663,Mienshao,10,0,510,65,125,60,95,60,105,5,0
664,Druddigon,15,0,485,77,120,90,60,90,48,5,0
665,Golett,8,13,303,59,74,50,35,50,35,5,0
666,Golurk,8,13,483,89,124,80,55,80,55,5,0
667,Pawniard,16,17,340,45,85,70,40,40,60,5,0
668,Bisharp,16,17,490,65,125,100,60,70,70,5,0
669,Bouffalant,5,0,490,95,110,95,40,95,55,5,0
670,Rufflet,5,18,350,70,83,50,37,50,60,5,0
671,Braviary,5,18,510,100,123,75,57,75,80,5,0
672,Vullaby,16,18,370,70,55,75,45,65,60,5,0
673,Mandibuzz,16,18,510,110,65,105,55,95,80,5,0
674,Heatmor,2,0,484,85,97,66,105,66,65,5,0
675,Durant,4,17,484,58,109,112,48,48,109,5,0
676,Deino,16,15,300,52,65,50,45,50,38,5,0
677,Zweilous,16,15,420,72,85,70,65,70,58,5,0
678,Hydreigon,16,15,600,92,105,90,125,90,98,5,0
679,Larvesta,4,2,360,55,85,55,50,55,60,5,0
680,Volcarona,4,2,550,85,60,65,135,105,100,5,0
681,Cobalion,17,10,580,91,90,129,90,72,108,5,1
682,Terrakion,12,10,580,91,129,90,72,90,108,5,1
683,Virizion,1,10,580,91,90,72,90,129,108,5,1
684,TornadusIncarnate Forme,18,0,580,79,115,70,125,80,111,5,1
685,TornadusTherian Forme,18,0,580,79,100,80,110,90,121,5,1
686,ThundurusTherian Forme,7,18,580,79,105,70,145,80,101,5,1
687,ThundurusIncarnate Forme,7,18,580,79,115,70,125,80,111,5,1
688,Reshiram,15,2,680,100,120,100,150,120,90,5,1
689,Zekrom,15,7,680,100,150,120,120,100,90,5,1
690,LandorusTherian Forme,8,18,600,89,145,90,105,80,91,5,1
691,LandorusIncarnate Forme,8,18,600,89,125,90,115,80,101,5,1
692,KyuremWhite Kyurem,15,14,700,125,120,90,170,100,95,5,1
693,KyuremBlack Kyurem,15,14,700,125,170,100,120,90,95,5,1
694,Kyurem,15,14,660,125,130,90,130,90,95,5,1
695,KeldeoResolute Forme,3,10,580,91,72,90,129,90,108,5,0
696,KeldeoOrdinary Forme,3,10,580,91,72,90,129,90,108,5,0
697,MeloettaPirouette Forme,5,10,600,100,128,90,77,77,128,5,0
698,MeloettaAria Forme,5,11,600,100,77,77,128,128,90,5,0
699,Genesect,4,17,600,71,120,95,120,95,99,5,0
700,Chespin,1,0,313,56,61,65,48,45,38,6,0
701,Quilladin,1,0,405,61,78,95,56,58,57,6,0
702,Chesnaught,1,10,530,88,107,122,74,75,64,6,0
703,Fennekin,2,0,307,40,45,40,62,60,60,6,0
704,Delphox,2,11,534,75,69,72,114,100,104,6,0
705,Froakie,3,0,314,41,56,40,62,44,71,6,0
706,Frogadier,3,0,405,54,63,52,83,56,97,6,0
707,Greninja,3,16,530,72,95,67,103,71,122,6,0
708,Bunnelby,5,0,237,38,36,38,32,36,57,6,0
709,Diggersby,5,8,423,85,56,77,50,77,78,6,0
710,Fletchling,5,18,278,45,50,43,40,38,62,6,0
711,Fletchinder,2,18,382,62,73,55,56,52,84,6,0
712,Talonflame,2,18,499,78,81,71,74,69,126,6,0
713,Scatterbug,4,0,200,38,35,40,27,25,35,6,0
714,Spewpa,4,0,213,45,22,60,27,30,29,6,0
715,Vivillon,4,18,411,80,52,50,90,50,89,6,0
716,Litleo,2,5,369,62,50,58,73,54,72,6,0
717,Pyroar,2,5,507,86,68,72,109,66,106,6,0
718,FlabÃ©bÃ©,9,0,303,44,38,39,61,79,42,6,0
719,Floette,9,0,371,54,45,47,75,98,52,6,0
720,Florges,9,0,552,78,65,68,112,154,75,6,0
721,Skiddo,1,0,350,66,65,48,62,57,52,6,0
722,Gogoat,1,0,531,123,100,62,97,81,68,6,0
723,Pancham,10,0,348,67,82,62,46,48,43,6,0
724,Pangoro,10,16,495,95,124,78,69,71,58,6,0
725,Furfrou,5,0,472,75,80,60,65,90,102,6,0
726,Espurr,11,0,355,62,48,54,63,60,68,6,0
727,MeowsticMale,11,0,466,74,48,76,83,81,104,6,0
728,MeowsticFemale,11,0,466,74,48,76,83,81,104,6,0
729,Honedge,17,13,325,45,80,100,35,37,28,6,0
730,Doublade,17,13,448,59,110,150,45,49,35,6,0
731,AegislashShield Forme,17,13,520,60,50,150,50,150,60,6,0
732,AegislashBlade Forme,17,13,520,60,150,50,150,50,60,6,0
733,Spritzee,9,0,341,78,52,60,63,65,23,6,0
734,Aromatisse,9,0,462,101,72,72,99,89,29,6,0
735,Swirlix,9,0,341,62,48,66,59,57,49,6,0
736,Slurpuff,9,0,480,82,80,86,85,75,72,6,0
737,Inkay,16,11,288,53,54,53,37,46,45,6,0
738,Malamar,16,11,482,86,92,88,68,75,73,6,0
739,Binacle,12,3,306,42,52,67,39,56,50,6,0
740,Barbaracle,12,3,500,72,105,115,54,86,68,6,0
741,Skrelp,6,3,320,50,60,60,60,60,30,6,0
742,Dragalge,6,15,494,65,75,90,97,123,44,6,0
743,Clauncher,3,0,330,50,53,62,58,63,44,6,0
744,Clawitzer,3,0,500,71,73,88,120,89,59,6,0
745,Helioptile,7,5,289,44,38,33,61,43,70,6,0
746,Heliolisk,7,5,481,62,55,52,109,94,109,6,0
747,Tyrunt,12,15,362,58,89,77,45,45,48,6,0
748,Tyrantrum,12,15,521,82,121,119,69,59,71,6,0
749,Amaura,12,14,362,77,59,50,67,63,46,6,0
750,Aurorus,12,14,521,123,77,72,99,92,58,6,0
751,Sylveon,9,0,525,95,65,65,110,130,60,6,0
752,Hawlucha,10,18,500,78,92,75,74,63,118,6,0
753,Dedenne,7,9,431,67,58,57,81,67,101,6,0
754,Carbink,12,9,500,50,50,150,50,150,50,6,0
755,Goomy,15,0,300,45,50,35,55,75,40,6,0
756,Sliggoo,15,0,452,68,75,53,83,113,60,6,0
757,Goodra,15,0,600,90,100,70,110,150,80,6,0
758,Klefki,17,9,470,57,80,91,80,87,75,6,0
759,Phantump,13,1,309,43,70,48,50,60,38,6,0
760,Trevenant,13,1,474,85,110,76,65,82,56,6,0
761,PumpkabooSuper Size,13,1,335,59,66,70,44,55,41,6,0
762,PumpkabooLarge Size,13,1,335,54,66,70,44,55,46,6,0
763,PumpkabooSmall Size,13,1,335,44,66,70,44,55,56,6,0
764,PumpkabooAverage Size,13,1,335,49,66,70,44,55,51,6,0
765,GourgeistAverage Size,13,1,494,65,90,122,58,75,84,6,0
766,GourgeistLarge Size,13,1,494,75,95,122,58,75,69,6,0
767,GourgeistSmall Size,13,1,494,55,85,122,58,75,99,6,0
768,GourgeistSuper Size,13,1,494,85,100,122,58,75,54,6,0
769,Bergmite,14,0,304,55,69,85,32,35,28,6,0
770,Noibat,18,15,245,40,30,35,45,40,55,6,0
771,Noivern,18,15,535,85,70,80,97,80,123,6,0
772,Xerneas,9,0,680,126,131,95,131,98,99,6,1
773,Yveltal,16,18,680,126,131,95,131,98,99,6,1
774,Zygarde50% Forme,15,8,600,108,100,121,81,95,95,6,1
775,Diancie,12,9,600,50,100,150,100,150,50,6,1
776,DiancieMega Diancie,12,9,700,50,160,110,160,110,110,6,1
777,HoopaHoopa Unbound,11,16,680,80,160,60,170,130,80,6,1
778,HoopaHoopa Confined,11,13,600,80,110,60,150,130,70,6,1
779,Volcanion,2,3,600,80,110,120,130,90,70,6,1
